key,name,theoretical_mz,feature_id,observed_mz,ppm_error,rt_error,matched
Phe,Phenylalanine,166.0863,FT0001,166.08652,1.3246125659550945,0.05600000000000005,True
Tyr,Tyrosine,182.0812,FT0003,182.0814,1.098411038628037,-0.028999999999999915,True
Xle,Leucine + Isoleucine,132.1019,FT0005,132.10172,-1.3625844897029569,0.01100000000000012,True
aIle,allo-Isoleucine,132.1019,FT0006,132.10165,-1.8924784578729623,-0.04699999999999971,True
Val,Valine,118.0863,FT0007,118.08629,-0.0846838285979261,0.023000000000000576,True
Met,Methionine,150.0583,FT0008,150.05854,1.5993783748777253,-0.0039999999999995595,True
Cit,Citrulline,176.103,FT0009,176.10292,-0.4542795977182182,0.03200000000000003,True
Arg,Arginine,175.119,FT0010,175.11842,-3.3120335315617933,0.03999999999999915,True
Orn,Ornithine,133.0972,FT0011,133.0973,0.7513306065290605,-0.016000000000000014,True
Gln,Glutamine,147.0764,FT0012,147.07626,-0.9518862306666208,-0.001000000000000334,True
SA,Succinylacetone,159.0652,FT0014,159.06519,-0.06286730223313544,0.02400000000000002,True
C0,Free carnitine,162.1125,FT0015,162.11254,0.24674223137805434,0.03699999999999992,True
C2,Acetylcarnitine,204.1231,FT0017,204.12305,-0.24495022850157072,0.052999999999999936,True
C3,Propionylcarnitine,218.1387,FT0018,218.13876,0.27505435757443825,-0.0030000000000001137,True
C5,Isovalerylcarnitine,246.17,FT0019,246.17065,2.640451720385778,0.05099999999999927,True
C5DC,Glutarylcarnitine,276.1442,FT0020,276.14398,-0.7966852101655135,-0.006000000000000227,True
C8,Octanoylcarnitine,288.217,FT0021,288.21662,-1.3184510282423672,-0.0860000000000003,True
C10,Decanoylcarnitine,316.2483,FT0022,316.24814,-0.5059315733679605,-0.058000000000000274,True
