model,strategy,PR_AUC,ROC_AUC,sensitivity,specificity,PPV,FP,seconds,tier2_threshold,tier2_oof_FP
ExtraTrees,pca_jitter,0.933806220284134,0.9852262369791667,0.971875,0.9625,0.46348733233979134,360,6.6,0.034583332333333335,310
ExtraTrees,class_weight,0.9324976191314444,0.9863146158854167,0.971875,0.9472916666666666,0.3806609547123623,506,6.0,0.04139438809187059,299
ExtraTrees,none,0.9357777888290181,0.9843297526041667,0.971875,0.938125,0.343646408839779,594,6.1,0.024791665666666667,289
SVM_RBF,none,0.9155970926650627,0.9808649088541668,0.971875,0.8789583333333333,0.2111337406653089,1162,1.7,0.2523710728588512,225
RandomForest,pca_jitter,0.9177582826966447,0.9826090494791666,0.971875,0.8746875,0.20541611624834874,1203,40.5,0.0047499989999999995,304
SVM_RBF,class_weight,0.8912687625821563,0.9817815755208333,0.971875,0.8658333333333333,0.1944965603502189,1288,2.0,0.21546466929784341,259
SVM_RBF,pca_jitter,0.8972101334030657,0.9806458333333334,0.971875,0.8564583333333333,0.18413262285375961,1378,2.4,0.1851522477176421,318
MLP_deep,none,0.8910795209193028,0.9825742187500001,0.971875,0.8427083333333333,0.17078528281164196,1510,4.7,0.0009186957901006463,277
HistGradientBoosting,none,0.9105864273927919,0.9808180338541667,0.971875,0.835625,0.16463737427210165,1578,6.5,1.6531392143843931e-06,321
RandomForest,class_weight,0.9129676562557086,0.9810750325520834,0.971875,0.8332291666666667,0.16265690376569036,1601,17.7,0.007307691307692308,328
RandomForest,none,0.9167415890397843,0.9812280273437501,0.975,0.8170833333333334,0.15087040618955513,1756,33.4,0.001874999,305
MLP_deep,class_weight,0.8720357414933236,0.9791946614583333,0.971875,0.8051041666666666,0.14252978918423465,1871,4.0,0.03144064594018221,306
LogisticRegression,none,0.7755078956892945,0.9716171875000001,0.971875,0.7744791666666667,0.12560581583198707,2165,0.1,0.003302659463569619,348
LogisticRegression,pca_jitter,0.7649287813337498,0.9720279947916666,0.971875,0.7713541666666667,0.12410215482841182,2195,0.4,0.01750296603588114,343
LogisticRegression,class_weight,0.7516376746554835,0.9713929036458332,0.971875,0.7525,0.11574246371417939,2376,0.1,0.07228235910075041,342
HistGradientBoosting,pca_jitter,0.9126749992335104,0.9755804036458333,0.971875,0.7463541666666667,0.11325564457392572,2435,7.8,1.058896690744987e-05,328
HistGradientBoosting,class_weight,0.9067459055678718,0.9774010416666666,0.971875,0.7113541666666666,0.1009085009733939,2771,30.2,4.9328765990950635e-06,323
MLP_deep,pca_jitter,0.8807177603814996,0.9755240885416666,0.971875,0.7107291666666666,0.10071243523316062,2777,7.2,1.885064381892654e-05,255
