feature,importance,std
pw_max_tyrosine_catabolism,0.015401203812200647,0.0009756386276326609
z_Cit,0.012969704527533498,0.001011499853769613
z_C5DC,0.011787294515833468,0.0005616823795763326
z_C8,0.010812052660279603,0.0004738938437795073
pw_max_urea_cycle,0.010783308801624947,0.0004914986339189189
r_Cit/Arg,0.010152976199708452,0.0009276579365492775
pw_max_propionate_metabolism,0.009914157172112859,0.0008685094775471029
pw_max_fatty_acid_oxidation,0.009165899499624075,0.00046938263561164043
pw_mean_lysine_catabolism,0.008823472649224428,0.0004937389026961155
z_Phe,0.008675433116924203,0.00037764578442562506
pw_max_phenylalanine_tyrosine,0.007999642505739235,0.000526471090646346
r_C8/C10,0.007958726934066273,0.0011701083937841847
r_C5DC/C8,0.007508687224937338,0.0004142223769363394
z_C3,0.007437813274962157,0.0007709979598013674
pw_max_bcaa,0.007411988056057783,0.00034705400094475666
z_SA,0.007268492481713506,0.0005687326403678041
pw_max_lysine_catabolism,0.007231830482910628,0.0008114194437739325
pw_mean_propionate_metabolism,0.006882009031422998,0.000837282007523285
z_aIle,0.006147435674791524,0.0004464629542464982
pw_mean_tyrosine_catabolism,0.005881458729526811,0.00044434747164176947
r_C8/C2,0.005306864163585723,0.0006531642417434092
pw_mean_bcaa,0.005194233552740579,0.0004471361136495888
r_Xle/Phe,0.0039179531049512665,0.0008894806652847951
pw_mean_fatty_acid_oxidation,0.003721987970473095,0.0004767244888455934
r_Met/Phe,0.0030110009338002895,0.00046927427122388086
z_Xle,0.002514570692191254,0.0006133494769265331
pw_mean_carnitine_shuttle,0.0021091850644556986,0.000586032065791281
pw_mean_phenylalanine_tyrosine,0.002077503900548927,0.00010062267018733511
z_C10,0.001904554650044199,0.00023056188128540246
r_Phe/Tyr,0.0015286362342200154,0.0008191707365549175
pw_max_sulfur_aa,0.0014668841747761175,0.0007291299069840556
pw_max_carnitine_shuttle,0.0013076798204296968,0.0004077157718586921
z_C0,0.001214887685641819,0.0003540960814770449
z_Orn,0.001209025148346532,0.0007375100102625382
pw_mean_urea_cycle,0.000947840960933366,0.0007035682552753772
pw_mean_sulfur_aa,0.0008524279279030989,0.00045259155149333805
z_Val,0.0007389279154836447,0.00023977171450152902
z_Met,0.0007175892481016799,0.000648468008232455
z_Arg,0.0005439445815028421,0.0005429460028603612
z_Gln,0.0005097880691508517,0.0005998221244171448
pw_max_leucine_catabolism,0.0002844393233832676,0.0012623144951418566
r_C3/C2,9.785912871285163e-05,0.0002967343951461917
z_Tyr,1.893941257695708e-05,0.00012132128712646406
z_C2,-8.05106222426133e-05,0.0002281727483422779
pw_mean_leucine_catabolism,-0.0002257647752276437,0.0007669457356893671
r_C5/C2,-0.00047863034499142645,0.001114026618668896
z_C5,-0.002418945296312125,0.0005177987709251794
