sample_id,batch,FT0006,FT0038,FT0033,FT0018,FT0007,FT0003,FT0047,FT0032,FT0037,FT0027,FT0005,FT0039,FT0004,FT0002,FT0028,FT0035,FT0016,FT0040,FT0010,FT0042,FT0023,FT0008,FT0025,FT0036,FT0009,FT0043,FT0013,FT0026,FT0022,FT0020,FT0024,FT0019,FT0030,FT0044,FT0015,FT0001,FT0012,FT0041,FT0031,FT0017,FT0029,FT0045,FT0034,FT0014,FT0021,FT0046,FT0011
S05250,1,98207.23018821336,220932.57662212785,400065.60270378506,498407.21234067075,42621865.10080306,621379.1843568007,38263.71307547541,34186.975427542326,6741.480282946957,43762.739793877605,8775691.739766302,32675.713534574705,60139.374266718165,1691979.9566100887,236975.40777457412,21840.779318597175,50820.506215122456,107111.34960502015,348277.0350741493,4217.07590200615,19138.188471312194,21837351.177040715,265248.36290038883,215984.9907450323,10847094.106685644,20824.95977675872,8798445.240136804,17736.582440222788,1986.163916848006,13646.168619636312,677469.441542758,21888.70290483155,45520.99461755473,14914.549834145842,512450.5337652414,17357950.21962386,80910092.3471109,2730.9201205179324,13499.173039527932,11487070.317492766,367058.59343087574,41460.259823599416,11318.039663807913,293825.81199787225,56080.42503674896,22728.15900900731,10335701.078794297
S09310,4,126361.63026155093,200111.63933844346,170099.99000203641,,68790979.70215784,1544957.3858379733,14787.21020827747,68078.75093139808,5420.916042709166,50262.00201316642,11318132.277839623,60253.92730314927,148178.53063187405,1607044.0516545915,133717.81035780208,39048.71874574985,82084.48758123304,249046.38363425274,670514.956497998,3786.3894656795237,10436.617751326796,8797240.363362428,223666.16564038914,137221.62657041955,18570077.707403872,18828.148087315298,23866736.412987925,19912.44172282429,1241.300213460318,18098.524225963498,,46499.64576391479,79219.71276227153,23162.962512760634,794623.1763578168,17398853.55351823,219469181.35510176,7377.4958784115715,22768.71965458308,27549283.6824482,386970.5958192389,78892.7080396167,14023.55713521679,528950.0362908817,34458.79921193943,26414.599930270782,26760874.308425575
S03613,4,119197.61947934632,146961.38270627294,167310.21919474783,419801.79061832075,67189688.63119736,1353215.3630794,15249.302787132478,23355.37217536409,11035.141581195674,25632.836290942723,9759266.43773201,55098.98460183572,151076.11574076765,2436889.0233633225,96706.35287412808,24836.027591982343,48097.951075998404,124411.80280082113,564598.4537655949,6020.85027664521,6851.683730224674,24317699.19943809,160873.1063356491,176721.0543907497,10359916.767379178,11515.360837489192,10447235.155538673,14200.72630500355,6823.857469300576,6918.999336201299,215355.3768326273,19321.74035253594,77656.2410494675,6161.616445683672,489933.2935467446,22228852.682965063,101914565.2983094,4565.271440522457,16873.86895338351,11130016.878353147,283699.7946683974,52687.328269270525,13521.343517127665,274442.39785403287,288287.8599145393,17903.095023580623,12076216.688273558
S01764,3,92890.17495587718,206534.16352838778,375822.49460880784,460817.12866654166,30973365.352487594,2546378.6309470683,17814.316280097362,115093.20626096803,5694.8401250639945,15911.096972149564,5246080.76375425,68637.75444400207,244677.01711903684,2251981.3514064318,162031.18344102742,18087.08231299402,58796.07753985071,45546.08430050359,459839.9354888763,6416.226581490306,19637.53309996213,9252178.965729278,222775.14055445304,175068.8018549083,12246987.78234334,16071.984837168984,9249936.743545381,5475.398365046646,906.4961737653965,12359.888306183651,204739.45632542865,17822.90271299813,69986.69173847849,31244.186366553993,574138.7236710386,21560362.217919134,96298318.06990129,4114.495372452093,12187.81582115041,9625962.55039625,126481.33792962795,92526.84157128666,22067.824659461217,446236.7956199851,37505.946150694646,33977.79331391747,21361867.06835252
S01310,3,162988.37300957905,116844.71101031362,128384.30084146876,752448.3466598159,50977316.34947301,2157515.856280248,49323.84082367248,89647.39146432253,4054.0844037826396,34337.470375661316,7816137.908966015,25963.580149630307,201646.5015753929,2601934.7737780553,121843.51270958749,36524.11180897213,79500.0616597962,99047.06317993236,272571.0438421952,3085.1191632931973,16717.8553735432,12455039.282383574,242902.9855040974,151135.63352301597,14155713.611850748,20554.903498133335,11863569.186753958,8043.0697657083465,866.5568734075772,6458.806906260264,252300.09857556006,19267.39659261697,94722.38535417826,13679.943831198654,779138.0084646186,28757269.142978325,105693499.36608034,4374.629965582787,24721.745614357205,9397691.10751992,184318.375644076,121365.22127898739,11122.291830355854,631089.9749058643,23096.24868628548,47341.27301280322,18821062.195193756
S08383,5,200462.92351763544,231704.60359100136,260038.5621687079,488696.9892993158,62455306.7008687,1188113.983376613,32230.070280057123,195483.2186214127,3353.8428753884923,24865.5449682548,7840188.823086417,95898.35913810408,113612.09369371066,2547877.462175136,320079.4917827659,35372.81192887446,102883.38309789904,144642.2541498118,809245.3071457138,3993.4901699731263,16714.29338434538,9080988.005494151,450343.91908872244,104497.2488829556,16049629.24693741,31668.847721350336,17009345.077060882,8677.071316943355,779.7459635499057,11025.453053400217,425212.3965099262,18074.737502280248,93072.33238702161,22202.494388439496,967037.4773767827,25561120.73837904,160688114.3084138,5935.109998715375,17022.33463005254,11087392.583742047,156735.3432236702,129824.79743734733,15954.241303373847,581914.3002180982,58412.38863344507,24474.414043728782,15049747.372425135
S02926,1,552986.9590026438,188433.9198612727,226083.69554995204,438423.97577742866,85178111.6710585,2254139.652608407,13323.55100429791,73299.65930404983,5673.657812505141,30259.88029360602,12967254.220135933,70212.74221744678,226258.11355910738,2477197.876990797,328087.7850890293,34392.71096969034,,48321.34432403273,564383.2970136392,3488.613488386505,15089.247507545357,17263360.462897204,88264.92391191956,362295.37046473427,16390877.346365914,16397.020889128627,10603045.86796468,10410.57113120267,2073.1765687813036,8979.901453778624,169409.0585620285,13431.362768862387,39634.42159616325,15363.580081576818,282478.2454577201,25125570.677741833,100750791.84001635,6622.160470941226,18422.491369307718,9089052.676808119,234879.26505536705,136397.05631836122,9426.18532048659,498849.05519314506,67401.26602909328,15150.300973303929,17148226.71845008
S00113,4,74196.98786100432,113518.93055875262,173741.4134303896,370952.6504245584,38680636.07743497,893076.0409676085,17562.072004045498,55424.730974214384,4732.629506518609,35133.38959863002,13653671.169800553,82396.35364834218,86783.21313268752,925292.3862926721,176081.7459983154,22628.32673561146,52584.13753368849,149755.92897747472,576867.882202669,2724.3333899100444,20373.867910293477,20013289.475578465,155176.3951040314,146641.2743983036,12866977.626002721,20991.939987337246,11117974.519059075,6646.084153378994,1228.0378131485772,7684.624178506837,205804.58136236315,,33790.22314294051,23161.227685010475,521407.5863892491,9609349.60850721,104244480.07659584,4046.1831400842475,22280.894995128896,9961729.852442296,233072.38727512656,89186.02013891622,15489.176556930468,192239.9381867307,59650.963019328876,28641.661658447112,
S02897,2,289187.27931247145,55379.30439205674,408076.68281173,,43438925.7203885,2045397.5654176616,16789.849077357998,77304.1322108309,4414.499254032942,,6377050.639075645,88034.96110773023,207484.92427536644,1863801.071837494,401432.2956850355,64961.844993461455,87834.62977833391,137381.98425645317,515897.1588891193,2999.831532210781,26467.347999333808,14935252.640170671,140907.16197509045,390626.2581602015,19364078.02950643,15181.170295421358,18308882.26698922,13612.586374681969,1173.771216980658,9765.340567557792,444300.3376808978,17195.20275820762,91974.19711962483,18349.305074198062,890809.8900845989,17696895.285466306,187333891.56625158,2716.875555512576,16265.568240405117,24246209.90637353,231377.94126585717,85412.86911636377,13360.432835661268,278289.807234834,72029.89502294702,63716.327740098015,17205764.172843378
S11328,1,254014.22537441071,86642.8148672684,356358.2767944008,408143.0374377236,29063656.321663313,1282327.8338622157,24096.112197860377,63781.3774688074,8615.594416758553,38673.72006228749,7274085.579315119,77002.69768194888,123634.85929068571,2275474.654793059,339345.00172803184,36817.63078069437,48923.55208728416,172249.04561921884,562721.0552107921,4073.6534097552153,22010.50709144569,20476470.87472534,331431.5341704706,255599.72900825838,13683635.654169032,11517.665268239096,13049014.866603488,12161.14566579682,1380.3506309175064,11631.305185560042,260747.26666485376,19605.6565487719,77239.40115935764,28210.683982698734,493855.5560637293,21630501.411178894,139244821.0728913,9460.856284105972,10182.9769110972,10117955.949160878,473102.70875468745,139058.67206766972,10866.320440977614,460714.87013331754,51636.19928545893,26647.784608435577,23104893.543140147
S02125,3,191388.54855338516,135006.85440518887,397864.1280942788,571654.816176886,76102569.38949314,2027016.489113399,52037.750556115556,152533.796955206,9780.556675194815,26604.66192517234,8655437.821975641,112521.73187719041,196829.2364619667,3481373.9203561423,212999.10752756064,43624.3399805263,96336.55082063783,105991.93167699453,510703.2716167079,4802.517927142999,28815.44292371176,28734690.663750798,248282.23237920276,336486.607159305,21310935.173856653,31704.07577163676,13287714.529750656,17201.689480346704,3195.7796591341157,8522.636008921563,293809.7436277446,21265.19473299466,82346.17871962575,28649.864634219975,921129.8556307417,34347853.687149465,133441724.67525592,4856.889800810334,15686.84032802412,10136756.967314536,374881.01189307676,194049.75393836375,7975.015318151717,2772819.238384159,56713.55364930899,32062.005152010992,23016706.30296865
S07628,5,176292.2039536901,269928.80279038585,118908.78195560699,649928.5466080795,,1246944.7221315072,7934.353076934984,122714.04204780176,6544.836877635271,57051.177404344264,7312193.139587338,70211.43411219298,,2984199.027775259,195344.31828716284,30754.141388225366,44663.1138306082,128776.35569424686,594161.0349426005,3960.8250925466887,36886.59801711509,10752263.912629254,195957.589295363,283353.40882507217,18591782.291649025,10672.664260544427,14599072.166903263,7366.747050265663,1332.0630587710525,10706.899893932065,346418.9418852568,10369.809444233153,60918.713347351164,22748.806251961825,451018.35355371685,30814923.242679752,142844434.59116206,11910.925985132042,11833.82636569995,19315327.008245893,296451.50004193105,202123.31926397272,7483.333546307767,600932.0667653976,87907.55919466872,11073.562101608877,
S07143,4,326816.8446573648,327297.52203168086,454187.8425420885,703355.0624723759,61234237.11687815,1388110.9699714438,20277.222874572464,52200.93914903075,4528.354561805823,39264.406052124694,12325831.658358494,82224.59834095504,138178.1733947332,4005815.3124382654,162658.42126345204,55731.29099996436,45316.89118332419,222655.6259058463,971812.2784306702,4031.27221177516,16072.54710732129,20856842.585984565,568444.8792182328,338788.87459927006,15994384.920388924,20628.81158159174,19982680.854303673,11314.5086350411,1372.5681883815807,16985.874331107312,434347.8016264091,14672.985765932894,46845.59955087382,25389.86517631829,459855.5328788731,41346783.36109042,200806297.31954998,4192.948913365149,12675.756848127308,9367394.264764557,432349.61412929563,61447.128476423335,17583.48111614291,471047.6062586165,24948.96406859376,45272.86969318616,29276229.025401086
S04620,4,148141.57225572687,198547.8489387868,139627.26804708462,609954.5152761134,59202555.05061297,1371552.7191249465,13754.882031076946,71102.22478762109,9191.647365100564,27622.616292055547,8263918.0523748975,77179.62272656044,142136.95548150563,2500698.4130598023,363323.49531040736,31570.232039269227,112938.18170305208,113156.84415135566,462505.62229994434,3290.576908498077,9268.423101968552,15420890.528662793,218607.70902138227,275849.1302072465,11242419.006200617,9972.628850926108,10332783.990518404,18708.01183372568,3452.681608967739,16661.26624550703,224437.24961983121,31427.07023167131,168688.65790558516,25752.362083650994,1072649.3940546352,24952120.624156386,107548787.79617058,2786.3640881751307,21936.678732127297,15172553.006826364,695493.7403132417,74419.94896599404,15198.99076776295,679443.0866539166,37862.31750035326,23253.76046042019,22358957.85968144
S09725,4,71193.86709254884,106061.80218908314,216589.6286083363,545086.5667067857,39995999.42764819,608665.3962990508,13944.73476563367,16539.648228156555,5260.778511747127,20829.476505039587,3846154.352612972,40568.70522664247,63411.35539427365,1164470.030430027,180716.73811309133,20714.816569317143,,65678.80789912089,308161.40333938267,2214.202660430099,9047.237577486878,7164543.591254314,195200.1290025154,217312.80828580898,12307755.50668585,21134.13310313207,21475654.79173215,13838.158207621813,1540.8982506020247,17794.636638930973,363687.81341910874,245144.58976549114,52871.13147938701,15388.691096570847,296350.4726343171,11913926.200985163,193200570.68198553,4447.692493956541,9404.240322671949,,189200.29901585515,47166.22947095858,13285.682308730531,515815.7400436118,34886.75820588007,39832.93767959385,19876764.446206197
S02239,4,155592.49570071851,252708.30307277144,137321.856441149,249285.29824846427,35591604.45496992,1522158.990786093,23159.966335028752,55974.03920966389,10169.166855766034,42273.34087492241,8943293.779294062,49810.61990684691,163314.28719470414,2480610.7594172154,115918.16622149333,28827.33338739218,60415.54389154101,65738.38904100709,787074.4784097602,3581.1767306045967,25998.313297415654,16936230.047708992,255881.87468399122,143107.37123882605,8599092.081380637,10517.668854063953,17411255.81744717,5842.518308267073,2195.466890490791,11561.02862865867,187666.1518051621,24219.985946971738,54137.714757476075,15685.83401740804,611315.0711999453,24813329.02596115,165686495.75424647,5320.2945955914965,9205.336084211456,10740885.272115039,174383.42529428191,97926.66706221395,12886.7937603376,555593.2124960846,50336.049715218534,29428.858106867257,17346651.35042179
S06985,3,116396.75372055899,85058.28617421383,156688.89557688817,304481.9182278479,56412106.526613265,1585088.2602275112,30673.112474634585,92611.97329123688,2609.0408235288046,37773.13061485282,5680026.07839761,25238.57828589195,148440.49495199794,1612304.6209782956,125829.67633700468,21920.986438334243,41468.01832408163,97520.73100608651,437290.91580464813,,5491.911949035318,22598403.78205831,114228.4024074594,209862.4416094874,9124334.371463127,22591.519564252063,9187219.421715757,10787.217086923036,1386.4754910411439,7412.133874420321,142241.44088601347,20010.047754349875,64929.91470506098,8525.88849615017,462455.42076038773,15679366.859471392,93414660.80382456,3638.987968349115,18914.837700037984,16846422.2948565,176420.1482041179,58418.8743128407,24240.5259461236,265328.75437745574,37311.45176602222,15359.709936018735,14808180.342249487
S02711,1,,154322.54338385593,195558.59070518758,573526.1189454976,26063413.78755256,2768210.1042945525,6621.09994876759,48613.057454233975,4519.822096876466,10498.04534573428,2592993.539475889,42247.94583936668,262796.056869339,2837233.06004564,185638.52368939103,21783.628751295306,48194.88180413326,143229.74431175983,610778.9197327009,1814.5611497627715,15271.051257892688,15848388.621906495,377244.02638529864,263245.7484863046,11211292.429138565,13424.601311084522,10319643.412167856,5660.31731178792,1959.8148687646908,12708.788654881786,424361.7510953032,13154.755127810882,58929.36065941504,12780.334557441345,489905.37707826996,30633396.992207006,89339603.70942372,1937.4605250920827,13042.343054710189,11114589.97959816,198038.23337388661,76123.18196183343,10245.803505936334,188329.57559295394,38434.89025197077,22253.43815362241,10799171.829397716
S08049,5,180991.619330239,277244.31975619623,185304.52467218137,614111.4642151946,53094621.86222642,1977968.6061185948,54698.04598483117,98903.64315929596,8558.645996574127,34834.76301429743,12600109.48246424,74430.1391195517,188917.23884572793,2653619.0973727694,230560.9898497477,42002.35821023198,50009.28072288723,202723.02161850617,667622.7211826588,3612.6267325308067,6891.566907079639,15541217.304905863,270779.4588420396,209268.99882580817,18244811.204132915,15948.31805623918,12640067.855153717,10971.651518573019,2567.1528485153817,12610.32166308115,448336.9567636202,18104.291042043707,87454.45491560404,30603.753564544008,513387.6056278083,27561468.062782608,137743879.6346563,3651.300102892485,9237.735079385855,10150898.144703398,277544.21849136864,40757.37861901797,11046.101759789975,333965.4111818656,53316.93883060537,36767.211531962166,25300440.534762625
S11563,3,113046.03440427127,266650.59507135756,335990.3767888712,523106.32231581555,55128706.969096944,1000220.5996946933,21542.0964265814,60381.71921718894,9753.397908971041,38870.01679599848,7080512.272877479,85318.8888230122,100005.3465549405,1346303.534244556,264245.9254582794,34207.57057957929,86889.0350648381,118330.73108945551,467393.8791045028,3625.782564440673,11303.663876011338,13912307.410767123,227279.2959027167,355713.3822174225,12970628.717983171,11429.419711429415,17380830.383876923,8567.154969984998,945.4974557153915,19131.399882505055,150564.00763477475,20515.170439161124,76012.9736869534,16803.12107649288,892330.3379184051,13485734.933602627,183134467.67320877,3109.398033403423,11626.209777386239,16472669.479181131,395049.7600730553,60184.037504592685,10325.035223880945,655027.3947450456,43877.69416234019,10041.91029930396,12815838.175638324
S10579,3,106386.28105643712,124721.62245789658,233779.15146777738,501933.90801790444,41026560.92218536,2321936.5557600143,23808.70257091023,51428.885409530645,5521.125772302312,38973.44548366533,4843907.05678597,32569.959321950144,220019.22244103655,2119178.8406933527,215740.5220259536,19738.869788280797,73521.66116333337,84477.23417146281,467632.17099849076,9801.546250629115,11121.712701269309,16300848.18418644,362957.67852255766,394893.82088725764,36190204.85370224,27225.065231701767,15093931.936950264,8369.231392330868,1986.1458938881078,6902.714517174651,321046.60320213734,23791.0080076171,63357.69016597228,14133.083809322263,725450.721672418,19596412.670818944,143910547.0079944,6191.902561386061,8784.777131281735,17992194.11706622,73890.71364622796,143006.55525301502,9682.382033709975,351195.87146152166,45512.618874696964,22563.118528352552,26636347.990359467
S09160,2,81678.05753304037,128730.18483028446,135293.79521370033,272751.1610921923,24498491.140068885,1136842.7953896408,23159.964743720273,42774.580722850515,3126.144218399812,16372.1792361717,4833067.613588752,19179.012523381552,109834.20248658824,1034665.2507683554,209460.7147875846,28922.980435921265,27369.499871312313,62064.551585515204,506052.0641317623,4222.122310719583,6863.744613290531,6513066.86900426,178044.45000825057,160650.2045330726,7910262.521486314,11986.638776607795,10939853.887848837,6956.027668092302,808.2504228415761,9772.029851905148,247317.57678191108,14920.901935232847,48463.80737938708,24818.77498253143,281225.4025927293,9918447.040322183,105272372.33572222,1814.5328877728289,11033.93937343142,6286620.114009971,138620.59186286698,39631.66184891008,9621.111714978617,131960.8765103702,56268.03355771452,15019.043690255196,13409638.986211192
S04318,1,135293.45326729194,101330.75699840668,209470.95039888573,277607.5280228498,89217231.8457502,1534140.067747115,39776.88651948437,56247.97575444245,7860.799182173017,54256.06130296847,,66672.2680838054,158755.1447475245,2100279.692533783,159382.03600196756,55756.55456874125,127740.74017289719,207612.25161654555,1710645.2413081166,4199.105668746172,13999.407579608158,20333706.990829706,634272.6163324107,219699.43893788874,28370966.763695166,13001.252418526921,14729301.705481337,6222.553230688521,3168.2817681729894,38801.927590622094,363356.942602709,24139.02837884479,114530.11743505299,30517.424183411076,1287730.6698717345,21006560.990666088,158158912.9331836,4310.357169715987,58635.37173897273,21697615.9104541,349309.6801022814,101467.00822308635,29023.990505628273,433939.05463129707,47066.86065980715,20382.900604293987,18563310.66802622
S05797,5,46939.02054603957,241677.18296086226,204659.35686793269,489696.0422750149,37438628.36158727,1155971.1396552941,21611.25601489455,109478.25449672856,5734.403018400302,17867.768253764083,6023498.324843704,69592.90512409384,121950.46845287929,2053798.2196100953,313560.43218358164,42979.82455599017,66915.49160063044,59821.89424670004,968060.1688015546,5643.879254758721,14627.474245499083,11193296.948977515,206248.55518817733,228305.29858688204,16568336.754385807,8711.888351831436,9784093.906943994,7635.573043606787,1791.7253459801457,8806.650058645353,146664.90555613072,163027.54373822862,80738.460516325,16513.651219512307,652309.4745031692,20128979.171026777,95467914.45470423,3186.6033191438587,7353.247197278539,12874220.225177905,334630.3100115927,127894.97554629655,8703.746180129285,416699.8640689884,20764.70259413546,12472.360634363255,9442240.431651564
S01963,4,374932.31566422863,299766.2271897962,388423.3870094082,860363.7135844624,97471364.65442285,6551543.813177211,45548.80941009987,88568.0581006356,10239.859018833096,68973.74995179304,16307944.80445756,135477.7056852529,678254.066683641,3730271.799256662,263579.4744532299,60458.74550124465,107073.65792261479,178023.7109056299,567533.6259478399,15100.450066299372,29601.865646696304,36026892.6847775,275116.72831670183,280265.69010610593,10616715.80992112,18161.05008932554,16551605.939941302,16051.543528091528,3816.5514941927695,33660.04660090254,533153.9498444335,48570.79193022394,49713.365873013216,39824.328847862555,1037019.1130692784,37492517.72797585,171416896.74598202,7202.06481078804,32213.627384838204,18118717.330071993,303304.44085070817,115763.19796085382,12696.143855232573,397381.48665482434,54238.781188881716,30982.13016623781,31941004.95450463
