feature_id,mz,rt
FT0006,132.10165,4.803
FT0038,252.40466,11.449
FT0033,322.98337,1.521
FT0018,218.13876,5.697
FT0007,118.08629,5.623
FT0003,182.0814,5.171
FT0047,343.65377,9.093
FT0032,130.80135,1.279
FT0037,111.53326,1.664
FT0027,221.77641,7.828
FT0005,132.10172,4.611
FT0039,247.85004,10.828
FT0004,183.08455,5.195
FT0002,167.08965,4.075
FT0028,272.42089,4.701
FT0035,241.90163,2.594
FT0016,163.11585,6.801
FT0040,271.87141,1.184
FT0010,175.11842,9.44
FT0042,308.79879,1.487
FT0023,195.19568,3.475
FT0008,150.05854,5.046
FT0025,417.76002,6.032
FT0036,313.03052,6.828
FT0009,176.10292,8.332
FT0043,351.71938,5.323
FT0013,148.07975,7.409
FT0026,404.41232,3.186
FT0022,316.24814,3.142
FT0020,276.14398,6.394
FT0024,325.60199,7.066
FT0019,246.17065,4.951
FT0030,163.84589,11.05
FT0044,272.85664,11.776
FT0015,162.11254,6.837
FT0001,166.08652,4.156
FT0012,147.07626,7.399
FT0041,159.93712,5.313
FT0031,376.21616,1.011
FT0017,204.12305,6.153
FT0029,285.70122,11.803
FT0045,427.98151,5.126
FT0034,277.44166,4.515
FT0014,159.06519,2.324
FT0021,288.21662,3.514
FT0046,151.54598,10.072
FT0011,133.0973,9.084
